{
    "answers": {
        "phase": "design",
        "action": "design decision",
        "scope": "front-end",
        "action experience": 5,
        "language": "next.js",
        "other language": "n/a",
        "aimodel": "chatgpt",
        "aimodel version": "4.0",
        "open source aimodel": "n/a",
        "tool option": "online full",
        "experience with tool": 4,
        "time allocated (h)": "1",
        "time saved estimate (h)": "1",
        "quality of ai help": 4,
        "knowledge acquired": 4,
        "generic feeling - now": 4,
        "generic feeling - future": 5,
        "threat level": 1,
        "notes": "how to center the map mainly on greece"
    }
}