{
    "answers": {
        "phase": "design",
        "action": "design decision",
        "scope": "frontend",
        "action experience": 4,
        "language": "js",
        "other language": "n/a",
        "aimodel": "chatgpt",
        "aimodel version": "4.0",
        "open source aimodel": "n/a",
        "tool option": "online full",
        "experience with tool": 5,
        "time allocated (h)": "2",
        "time saved estimate (h)": "1",
        "quality of ai help": 5,
        "knowledge acquired": 5,
        "generic feeling - now": 4,
        "generic feeling - future": 5,
        "threat level": 2,
        "notes": "how to choose markers to use as pins for map"
    }
}