{
    "answers": {
        "phase": "design",
        "action": "design decision",
        "scope": "api",
        "action experience": 3,
        "language": "json",
        "other language": "<fill in>",
        "aimodel": "chatgpt",
        "aimodel version": "ChatGPT 4o",
        "open source aimodel": "<fill in>",
        "tool option": "online full",
        "experience with tool": 4,
        "time allocated (h)": 1,
        "time saved estimate (h)": 2, 
        "quality of ai help": 5,
        "knowledge acquired": 5,
        "generic feeling - now": 4,
        "generic feeling - future": 4,
        "threat level": 4,
        "notes": "The model helped us understand what we should do to actually implement the map use case (data it will need etc)"
    }
}