{
    "answers": {
        "phase": "requirements gathering",
        "action": "use case specification",
        "scope": "api",
        "action experience": 4,
        "language": "n/a",
        "other language": "",
        "aimodel": "chatgpt",
        "aimodel version": "ChatGPT 4o",
        "open source aimodel": "",
        "tool option": "online full",
        "experience with tool": 4,
        "time allocated (h)": "1",
        "time saved estimate (h)": "3", 
        "quality of ai help": 4,
        "knowledge acquired": 3,
        "generic feeling - now": 4,
        "generic feeling - future": 3,
        "threat level": 3,
        "notes": "Given the new project requirements, I have to create a use case specification for the API. I used ChatGPT 4o to help me with the task."
    }
}