{
    "answers": {
        "phase": "testing",
        "action": "functional testing",
        "scope": "api",
        "action experience": 4,
        "language": "js",
        "other language": "<fill in>",
        "aimodel": "chatgpt",
        "aimodel version": "4",
        "open source aimodel": "<fill in>",
        "tool option": "online full",
        "experience with tool": 4,
        "time allocated (h)": "0.5",
        "time saved estimate (h)": "3", 
        "quality of ai help": 5,
        "knowledge acquired": 3,
        "generic feeling - now": 4,
        "generic feeling - future": 5,
        "threat level": 1,
        "notes": "<fill in>"
    }
}