{
    "answers": {
        "phase": "design",
        "action": "design decision",
        "scope": "api",
        "action experience": 4,
        "language": "json",
        "other language": "",
        "aimodel": "chatgpt",
        "aimodel version": "ChatGPT 4o",
        "open source aimodel": "",
        "tool option": "online full",
        "experience with tool": 4,
        "time allocated (h)": "0.5",
        "time saved estimate (h)": "1", 
        "quality of ai help": 4,
        "knowledge acquired": 4,
        "generic feeling - now": 4,
        "generic feeling - future": 4,
        "threat level": 4,
        "notes": "Given the requirements for the login and logout endpoints the model helped clarify how we should approach its design"
    }
}