{
    "answers": {
        "phase": "design",
        "action": "design decision",
        "scope": "api",
        "action experience": 4,
        "language": "json",
        "other language": "<fill in>",
        "aimodel": "chatgpt",
        "aimodel version": "ChatGPT 4o",
        "open source aimodel": "<fill in>",
        "tool option": "online full",
        "experience with tool": 5,
        "time allocated (h)": 1,
        "time saved estimate (h)": 3, 
        "quality of ai help": 5,
        "knowledge acquired": 3,
        "generic feeling - now": 4,
        "generic feeling - future": 4,
        "threat level": 4,
        "notes": "Given the requirements for endpoints the model gave us the way we should build our APIs"
    }
}