{
    "answers": {
        "phase": "coding",
        "action": "code management",
        "scope": "api",
        "action experience": 4,
        "language": "js-node",
        "other language": "<fill in>",
        "aimodel": "chatgpt",
        "aimodel version": "4",
        "open source aimodel": "<fill in>",
        "tool option": "online full",
        "experience with tool": 4,
        "time allocated (h)": 1,
        "time saved estimate (h)": 5, 
        "quality of ai help": 5,
        "knowledge acquired": 5,
        "generic feeling - now": 4,
        "generic feeling - future": 5,
        "threat level": 0,
        "notes": ""
    }
}