{
    "answers": {
        "phase": "architecture",
        "action": "problem understanding",
        "scope": "backend",
        "action experience": 3,
        "language": "n/a",
        "other language": "<fill in>",
        "aimodel": "chatgpt",
        "aimodel version": "ChatGPT 4o",
        "open source aimodel": "<fill in>",
        "tool option": "online full",
        "experience with tool": 4,
        "time allocated (h)": "1",
        "time saved estimate (h)": "4", 
        "quality of ai help": 3,
        "knowledge acquired": 3,
        "generic feeling - now": 3,
        "generic feeling - future": 3,
        "threat level": 3,
        "notes": "The model stated the difference between architecture, design decision and data design and in what order they should be done, even though the answer was not very good"
    }
}